{"base_lr": 9.819729458917844e-06, "lr": 7.049564018235528e-07, "data_time": 0.043015632629394535, "loss": 2.33640816450119, "loss_rpn_cls": 0.6268763583898544, "loss_rpn_bbox": 0.3908755818009377, "loss_cls": 1.1882215356826782, "acc": 88.5498046875, "loss_bbox": 0.13043466925621033, "time": 9.505079717636109, "epoch": 1, "iter": 50, "memory": 35011, "step": 50}
{"base_lr": 1.9839759519038097e-05, "lr": 1.424292343500774e-06, "data_time": 0.023310070037841798, "loss": 1.3777994680404664, "loss_rpn_cls": 0.38307005643844605, "loss_rpn_bbox": 0.2520833244919777, "loss_cls": 0.3431135231256485, "acc": 87.4267578125, "loss_bbox": 0.3995325642824173, "time": 9.451866240501404, "epoch": 1, "iter": 100, "memory": 35011, "step": 100}
{"base_lr": 2.985978957915834e-05, "lr": 2.143628285177995e-06, "data_time": 0.023869471549987795, "loss": 1.4320141530036927, "loss_rpn_cls": 0.2545360866189003, "loss_rpn_bbox": 0.2128973773121834, "loss_cls": 0.35335057973861694, "acc": 85.205078125, "loss_bbox": 0.6112301170825958, "time": 9.376421709060669, "epoch": 1, "iter": 150, "memory": 35011, "step": 150}
{"base_lr": 3.987981963927857e-05, "lr": 2.862964226855215e-06, "data_time": 0.026720409393310548, "loss": 1.3706847405433655, "loss_rpn_cls": 0.18504497021436692, "loss_rpn_bbox": 0.18697763234376907, "loss_cls": 0.38089921295642853, "acc": 84.5703125, "loss_bbox": 0.6177629250288009, "time": 9.38752956867218, "epoch": 1, "iter": 200, "memory": 35011, "step": 200}
{"base_lr": 5.0501051503006e-05, "lr": 3.6254603250330663e-06, "data_time": 0.02912703514099121, "loss": 1.306983678340912, "loss_rpn_cls": 0.12197835594415665, "loss_rpn_bbox": 0.16583492875099182, "loss_cls": 0.41097882091999055, "acc": 82.62939453125, "loss_bbox": 0.6081915736198426, "time": 9.41258620738983, "epoch": 2, "iter": 253, "memory": 35011, "step": 253}
{"base_lr": 6.052108156312624e-05, "lr": 4.344796266710288e-06, "data_time": 0.023923544883728026, "loss": 1.2342221415042878, "loss_rpn_cls": 0.10128988981246949, "loss_rpn_bbox": 0.15404306858778, "loss_cls": 0.40613450527191164, "acc": 82.82470703125, "loss_bbox": 0.5727546763420105, "time": 9.400988111495971, "epoch": 2, "iter": 303, "memory": 35011, "step": 303}
{"base_lr": 7.05411116232465e-05, "lr": 5.064132208387504e-06, "data_time": 0.023513174057006835, "loss": 1.1845002746582032, "loss_rpn_cls": 0.0863289162516594, "loss_rpn_bbox": 0.14702460974454878, "loss_cls": 0.4078129410743713, "acc": 85.205078125, "loss_bbox": 0.543333797454834, "time": 9.414619832038879, "epoch": 2, "iter": 353, "memory": 35011, "step": 353}
{"base_lr": 8.056114168336678e-05, "lr": 5.7834681500647265e-06, "data_time": 0.022319388389587403, "loss": 1.1459999012947082, "loss_rpn_cls": 0.07495741978287697, "loss_rpn_bbox": 0.13619574800133705, "loss_cls": 0.4090179353952408, "acc": 82.53173828125, "loss_bbox": 0.5258288073539734, "time": 9.407367491722107, "epoch": 2, "iter": 403, "memory": 35011, "step": 403}
{"base_lr": 9.118237354709432e-05, "lr": 6.545964248242572e-06, "data_time": 0.02836843967437744, "loss": 1.0621334040164947, "loss_rpn_cls": 0.06270719707012176, "loss_rpn_bbox": 0.12443772748112679, "loss_cls": 0.3855261826515198, "acc": 83.4716796875, "loss_bbox": 0.48946229815483094, "time": 9.413861784934998, "epoch": 3, "iter": 456, "memory": 35011, "step": 456}
{"base_lr": 0.00010000000000000024, "lr": 7.178979876918525e-06, "data_time": 0.02323463439941406, "loss": 1.0149446272850036, "loss_rpn_cls": 0.059604621827602386, "loss_rpn_bbox": 0.1203960432112217, "loss_cls": 0.37014609575271606, "acc": 84.60693359375, "loss_bbox": 0.4647978609800339, "time": 9.40099814414978, "epoch": 3, "iter": 506, "memory": 35011, "step": 506}
{"base_lr": 0.00010000000000000024, "lr": 7.178979876918525e-06, "data_time": 0.024173378944396973, "loss": 0.9768813955783844, "loss_rpn_cls": 0.05504736676812172, "loss_rpn_bbox": 0.11321742951869965, "loss_cls": 0.3596087908744812, "acc": 85.55908203125, "loss_bbox": 0.4490078043937683, "time": 9.383772296905518, "epoch": 3, "iter": 556, "memory": 35011, "step": 556}
{"base_lr": 0.00010000000000000024, "lr": 7.178979876918525e-06, "data_time": 0.025232415199279785, "loss": 0.9535639309883117, "loss_rpn_cls": 0.05134187277406454, "loss_rpn_bbox": 0.10925237059593201, "loss_cls": 0.3535067069530487, "acc": 85.83984375, "loss_bbox": 0.4394629812240601, "time": 9.402848505973816, "epoch": 3, "iter": 606, "memory": 35011, "step": 606}
{"coco/bbox_mAP": 0.249, "coco/bbox_mAP_50": 0.411, "coco/bbox_mAP_75": 0.281, "coco/bbox_mAP_s": 0.26, "coco/bbox_mAP_m": 0.264, "coco/bbox_mAP_l": 0.189, "data_time": 0.03801023353964596, "time": 2.3182869078749317, "step": 3}
{"base_lr": 0.00010000000000000024, "lr": 7.178979876918525e-06, "data_time": 0.026273999214172363, "loss": 0.9184859931468964, "loss_rpn_cls": 0.04599672060459852, "loss_rpn_bbox": 0.10445535823702812, "loss_cls": 0.34288128674030305, "acc": 86.53564453125, "loss_bbox": 0.4251526212692261, "time": 9.386400208473205, "epoch": 4, "iter": 659, "memory": 35011, "step": 659}
{"base_lr": 0.00010000000000000024, "lr": 7.178979876918525e-06, "data_time": 0.023783178329467775, "loss": 0.9038066112995148, "loss_rpn_cls": 0.04254780646413565, "loss_rpn_bbox": 0.1026944263279438, "loss_cls": 0.33898908615112305, "acc": 85.63232421875, "loss_bbox": 0.41957528710365294, "time": 9.406337752342225, "epoch": 4, "iter": 709, "memory": 35011, "step": 709}
{"base_lr": 0.00010000000000000024, "lr": 7.178979876918525e-06, "data_time": 0.023804216384887694, "loss": 0.8752955734729767, "loss_rpn_cls": 0.03942299608141184, "loss_rpn_bbox": 0.09564957216382027, "loss_cls": 0.33161369800567625, "acc": 83.8623046875, "loss_bbox": 0.4086093086004257, "time": 9.419821109771728, "epoch": 4, "iter": 759, "memory": 35011, "step": 759}
{"base_lr": 0.00010000000000000024, "lr": 7.178979876918525e-06, "data_time": 0.023782272338867188, "loss": 0.8777905261516571, "loss_rpn_cls": 0.04334792073816061, "loss_rpn_bbox": 0.09648394465446472, "loss_cls": 0.33105522572994234, "acc": 87.0849609375, "loss_bbox": 0.40690343141555785, "time": 9.412084975242614, "epoch": 4, "iter": 809, "memory": 35011, "step": 809}
{"base_lr": 0.00010000000000000024, "lr": 7.178979876918525e-06, "data_time": 0.027438368797302246, "loss": 0.8477578330039978, "loss_rpn_cls": 0.03713336255401373, "loss_rpn_bbox": 0.0944871574640274, "loss_cls": 0.3205983966588974, "acc": 85.94970703125, "loss_bbox": 0.39553891360759735, "time": 9.418081178665162, "epoch": 5, "iter": 862, "memory": 35011, "step": 862}
{"base_lr": 0.00010000000000000024, "lr": 7.178979876918525e-06, "data_time": 0.023383889198303223, "loss": 0.8263665711879731, "loss_rpn_cls": 0.03599504217505455, "loss_rpn_bbox": 0.09070578426122665, "loss_cls": 0.31332950353622435, "acc": 85.09521484375, "loss_bbox": 0.3863362413644791, "time": 9.412609877586364, "epoch": 5, "iter": 912, "memory": 35011, "step": 912}
{"base_lr": 0.00010000000000000024, "lr": 7.178979876918525e-06, "data_time": 0.02243858337402344, "loss": 0.8242345380783082, "loss_rpn_cls": 0.035618564411997795, "loss_rpn_bbox": 0.0882677073776722, "loss_cls": 0.3128406542539597, "acc": 86.71875, "loss_bbox": 0.3875076103210449, "time": 9.394609289169312, "epoch": 5, "iter": 962, "memory": 35011, "step": 962}
{"base_lr": 0.00010000000000000024, "lr": 7.178979876918525e-06, "data_time": 0.023030338287353517, "loss": 0.8223298096656799, "loss_rpn_cls": 0.035193575881421565, "loss_rpn_bbox": 0.0908214196562767, "loss_cls": 0.3119936770200729, "acc": 86.865234375, "loss_bbox": 0.3843211376667023, "time": 9.396491384506225, "epoch": 5, "iter": 1012, "memory": 35011, "step": 1012}
{"base_lr": 0.00010000000000000024, "lr": 7.178979876918525e-06, "data_time": 0.02721961498260498, "loss": 0.8090133547782898, "loss_rpn_cls": 0.032873733751475814, "loss_rpn_bbox": 0.08753968760371209, "loss_cls": 0.30636667549610136, "acc": 86.80419921875, "loss_bbox": 0.3822332584857941, "time": 9.415897998809815, "epoch": 6, "iter": 1065,